{
  "overall_accuracy": 0.6666666666666666,
  "improvement_rate": 0.3333333333333333,
  "consensus_rate": 0.6666666666666666,
  "judge_accuracy": 0.6666666666666666,
  "single_llm_baseline": 0.3333333333333333,
  "simple_voting_baseline": 0.6666666666666666
}